{"textures":{"0":"modelengine:entity/herobrine"},"elements":[{"from":[4.0,6.0449753,6.313817],"to":[12.0,12.044975,10.313817],"faces":{"east":{"uv":[6.0,2.0,7.0,3.5],"tintindex":0,"rotation":0,"texture":"#0"},"south":{"uv":[4.0,2.0,6.0,3.5],"tintindex":0,"rotation":0,"texture":"#0"},"north":{"uv":[2.0,4.0,4.0,5.5],"tintindex":0,"rotation":0,"texture":"#0"},"west":{"uv":[6.0,3.5,7.0,5.0],"tintindex":0,"rotation":0,"texture":"#0"},"up":{"uv":[4.0,6.5,2.0,5.5],"tintindex":0,"rotation":0,"texture":"#0"},"down":{"uv":[2.0,6.0,0.0,7.0],"tintindex":0,"rotation":0,"texture":"#0"}}},{"from":[4.0,12.044975,6.313817],"to":[12.0,18.044975,10.313817],"faces":{"east":{"uv":[6.0,5.0,7.0,6.5],"tintindex":0,"rotation":0,"texture":"#0"},"south":{"uv":[4.0,5.0,6.0,6.5],"tintindex":0,"rotation":0,"texture":"#0"},"north":{"uv":[4.0,3.5,6.0,5.0],"tintindex":0,"rotation":0,"texture":"#0"},"west":{"uv":[2.0,6.5,3.0,8.0],"tintindex":0,"rotation":0,"texture":"#0"},"up":{"uv":[8.0,1.0,6.0,0.0],"tintindex":0,"rotation":0,"texture":"#0"},"down":{"uv":[8.0,1.0,6.0,2.0],"tintindex":0,"rotation":0,"texture":"#0"}},"rotation":{"origin":[8.0,12.044975,10.313817],"angle":-22.5,"axis":"x"}}],"display":{"gui":{"rotation":[30,225,0]}}}