{"textures":{"3":"modelengine:entity/herobrine_zombie"},"elements":[{"from":[5.99,2.0,8.0],"to":[9.99,8.0,12.0],"faces":{"east":{"uv":[7.0,6.5,8.0,8.0],"tintindex":0,"rotation":0,"texture":"#3"},"south":{"uv":[8.0,0.0,9.0,1.5],"tintindex":0,"rotation":0,"texture":"#3"},"north":{"uv":[7.0,5.0,8.0,6.5],"tintindex":0,"rotation":0,"texture":"#3"},"west":{"uv":[8.0,1.5,9.0,3.0],"tintindex":0,"rotation":0,"texture":"#3"},"up":{"uv":[9.0,7.5,8.0,6.5],"tintindex":0,"rotation":0,"texture":"#3"},"down":{"uv":[8.0,8.0,7.0,9.0],"tintindex":0,"rotation":0,"texture":"#3"}}}],"display":{"gui":{"rotation":[30,225,0]}}}