{"textures":{"3":"modelengine:entity/herobrine_zombie"},"elements":[{"from":[8.0,3.0,6.0],"to":[12.0,9.0,10.0],"faces":{"east":{"uv":[1.0,7.0,2.0,8.5],"tintindex":0,"rotation":0,"texture":"#3"},"south":{"uv":[7.0,2.0,8.0,3.5],"tintindex":0,"rotation":0,"texture":"#3"},"north":{"uv":[0.0,7.0,1.0,8.5],"tintindex":0,"rotation":0,"texture":"#3"},"west":{"uv":[7.0,3.5,8.0,5.0],"tintindex":0,"rotation":0,"texture":"#3"},"up":{"uv":[9.0,6.5,8.0,5.5],"tintindex":0,"rotation":0,"texture":"#3"},"down":{"uv":[7.0,8.0,6.0,9.0],"tintindex":0,"rotation":0,"texture":"#3"}}}],"display":{"gui":{"rotation":[30,225,0]}}}