{"textures":{"3":"modelengine:entity/herobrine_zombie"},"elements":[{"from":[6.1,1.9999995,6.0],"to":[10.1,8.0,10.0],"faces":{"east":{"uv":[3.0,8.0,4.0,9.5],"tintindex":0,"rotation":0,"texture":"#3"},"south":{"uv":[8.0,3.0,9.0,4.5],"tintindex":0,"rotation":0,"texture":"#3"},"north":{"uv":[2.0,8.0,3.0,9.5],"tintindex":0,"rotation":0,"texture":"#3"},"west":{"uv":[4.0,8.0,5.0,9.5],"tintindex":0,"rotation":0,"texture":"#3"},"up":{"uv":[9.0,8.5,8.0,7.5],"tintindex":0,"rotation":0,"texture":"#3"},"down":{"uv":[1.0,8.5,0.0,9.5],"tintindex":0,"rotation":0,"texture":"#3"}}}],"display":{"gui":{"rotation":[30,225,0]}}}