{"textures":{"3":"modelengine:entity/herobrine_zombie"},"elements":[{"from":[5.99,2.0,4.0],"to":[9.99,8.0,8.0],"faces":{"east":{"uv":[7.0,6.5,6.0,8.0],"tintindex":0,"rotation":0,"texture":"#3"},"south":{"uv":[6.0,6.5,5.0,8.0],"tintindex":0,"rotation":0,"texture":"#3"},"north":{"uv":[4.0,6.5,3.0,8.0],"tintindex":0,"rotation":0,"texture":"#3"},"west":{"uv":[5.0,6.5,4.0,8.0],"tintindex":0,"rotation":0,"texture":"#3"},"up":{"uv":[8.0,5.5,9.0,4.5],"tintindex":0,"rotation":0,"texture":"#3"},"down":{"uv":[5.0,8.0,6.0,9.0],"tintindex":0,"rotation":0,"texture":"#3"}}}],"display":{"gui":{"rotation":[30,225,0]}}}