{"overrides":[{"predicate":{"custom_model_data":1},"model":"modelengine:herobrine/body"},{"predicate":{"custom_model_data":2},"model":"modelengine:herobrine/head"},{"predicate":{"custom_model_data":3},"model":"modelengine:herobrine/rightleg"},{"predicate":{"custom_model_data":4},"model":"modelengine:herobrine/rightarm"},{"predicate":{"custom_model_data":5},"model":"modelengine:herobrine/leftleg"},{"predicate":{"custom_model_data":6},"model":"modelengine:herobrine/leftarm"},{"predicate":{"custom_model_data":7},"model":"modelengine:herobrine/rightfoot"},{"predicate":{"custom_model_data":8},"model":"modelengine:herobrine/righthand"},{"predicate":{"custom_model_data":9},"model":"modelengine:herobrine/leftfoot"},{"predicate":{"custom_model_data":10},"model":"modelengine:herobrine/lefthand"},{"predicate":{"custom_model_data":11},"model":"modelengine:herobrine_alex/body"},{"predicate":{"custom_model_data":12},"model":"modelengine:herobrine_alex/head"},{"predicate":{"custom_model_data":13},"model":"modelengine:herobrine_alex/rightleg"},{"predicate":{"custom_model_data":14},"model":"modelengine:herobrine_alex/rightarm"},{"predicate":{"custom_model_data":15},"model":"modelengine:herobrine_alex/leftleg"},{"predicate":{"custom_model_data":16},"model":"modelengine:herobrine_alex/leftarm"},{"predicate":{"custom_model_data":17},"model":"modelengine:herobrine_alex/rightfoot"},{"predicate":{"custom_model_data":18},"model":"modelengine:herobrine_alex/righthand"},{"predicate":{"custom_model_data":19},"model":"modelengine:herobrine_alex/leftfoot"},{"predicate":{"custom_model_data":20},"model":"modelengine:herobrine_alex/lefthand"},{"predicate":{"custom_model_data":21},"model":"modelengine:herobrine_alex_bits/sword"},{"predicate":{"custom_model_data":22},"model":"modelengine:herobrine_alex_bits/shield"},{"predicate":{"custom_model_data":23},"model":"modelengine:herobrine_alex_bits/fishingrod"},{"predicate":{"custom_model_data":24},"model":"modelengine:herobrine_alex_bits/pickaxe"},{"predicate":{"custom_model_data":25},"model":"modelengine:herobrine_alex_bits/crossbow_unloaded"},{"predicate":{"custom_model_data":26},"model":"modelengine:herobrine_alex_bits/beef"},{"predicate":{"custom_model_data":27},"model":"modelengine:herobrine_alex_bits/crossbow_loaded"},{"predicate":{"custom_model_data":28},"model":"modelengine:herobrine_alex_bits/axe"},{"predicate":{"custom_model_data":29},"model":"modelengine:herobrine_axe/axe"},{"predicate":{"custom_model_data":30},"model":"modelengine:herobrine_bits/sword"},{"predicate":{"custom_model_data":31},"model":"modelengine:herobrine_bits/shield"},{"predicate":{"custom_model_data":32},"model":"modelengine:herobrine_bits/fishingrod"},{"predicate":{"custom_model_data":33},"model":"modelengine:herobrine_bits/pickaxe"},{"predicate":{"custom_model_data":34},"model":"modelengine:herobrine_bits/crossbow_unloaded"},{"predicate":{"custom_model_data":35},"model":"modelengine:herobrine_bits/beef"},{"predicate":{"custom_model_data":36},"model":"modelengine:herobrine_bits/crossbow_loaded"},{"predicate":{"custom_model_data":37},"model":"modelengine:herobrine_bits/axe"},{"predicate":{"custom_model_data":38},"model":"modelengine:herobrine_bobber/bobber"},{"predicate":{"custom_model_data":39},"model":"modelengine:herobrine_steve/head"},{"predicate":{"custom_model_data":40},"model":"modelengine:herobrine_zombie/body"},{"predicate":{"custom_model_data":41},"model":"modelengine:herobrine_zombie/head"},{"predicate":{"custom_model_data":42},"model":"modelengine:herobrine_zombie/rightleg"},{"predicate":{"custom_model_data":43},"model":"modelengine:herobrine_zombie/rightarm"},{"predicate":{"custom_model_data":44},"model":"modelengine:herobrine_zombie/leftleg"},{"predicate":{"custom_model_data":45},"model":"modelengine:herobrine_zombie/leftarm"},{"predicate":{"custom_model_data":46},"model":"modelengine:herobrine_zombie/rightfoot"},{"predicate":{"custom_model_data":47},"model":"modelengine:herobrine_zombie/righthand"},{"predicate":{"custom_model_data":48},"model":"modelengine:herobrine_zombie/leftfoot"},{"predicate":{"custom_model_data":49},"model":"modelengine:herobrine_zombie/lefthand"},{"predicate":{"custom_model_data":50},"model":"modelengine:herobrine_zombie_bits/sword"},{"predicate":{"custom_model_data":51},"model":"modelengine:herobrine_zombie_bits/shield"},{"predicate":{"custom_model_data":52},"model":"modelengine:herobrine_zombie_bits/fishingrod"},{"predicate":{"custom_model_data":53},"model":"modelengine:herobrine_zombie_bits/pickaxe"},{"predicate":{"custom_model_data":54},"model":"modelengine:herobrine_zombie_bits/crossbow_unloaded"},{"predicate":{"custom_model_data":55},"model":"modelengine:herobrine_zombie_bits/beef"},{"predicate":{"custom_model_data":56},"model":"modelengine:herobrine_zombie_bits/crossbow_loaded"},{"predicate":{"custom_model_data":57},"model":"modelengine:herobrine_zombie_bits/axe"},{"predicate":{"custom_model_data":65},"model":"modelengine:qmob_creaking/torso"},{"predicate":{"custom_model_data":66},"model":"modelengine:qmob_creaking/head"},{"predicate":{"custom_model_data":67},"model":"modelengine:qmob_creaking/leg_right"},{"predicate":{"custom_model_data":68},"model":"modelengine:qmob_creaking/arm_right"},{"predicate":{"custom_model_data":69},"model":"modelengine:qmob_creaking/leg_left"},{"predicate":{"custom_model_data":70},"model":"modelengine:qmob_creaking/arm_left"},{"predicate":{"custom_model_data":71},"model":"modelengine:qmob_creaking/eyes"},{"predicate":{"custom_model_data":72},"model":"modelengine:qmob_creakingheart/main"}],"parent":"minecraft:item/generated","textures":{"layer0":"minecraft:item/leather_horse_armor"}}