{"textures":{"0":"modelengine:entity/qmob_creaking"},"elements":[{"from":[5.0,4.375,5.9375],"to":[11.0,10.375,10.9375],"faces":{"east":{"uv":[10.5,8.25,11.75,9.75],"tintindex":0,"rotation":0,"texture":"#0"},"south":{"uv":[10.5,3.25,12.0,4.75],"tintindex":0,"rotation":0,"texture":"#0"},"north":{"uv":[6.5,10.25,8.0,11.75],"tintindex":0,"rotation":0,"texture":"#0"},"west":{"uv":[10.75,0.0,12.0,1.5],"tintindex":0,"rotation":0,"texture":"#0"},"up":{"uv":[12.25,2.75,10.75,1.5],"tintindex":0,"rotation":0,"texture":"#0"},"down":{"uv":[12.5,9.75,11.0,11.0],"tintindex":0,"rotation":0,"texture":"#0"}}},{"from":[1.0,10.375,7.9375],"to":[5.0,23.375,7.9475],"faces":{"east":{"uv":[0.0,11.75,0.25,15.0],"tintindex":0,"rotation":0,"texture":"#0"},"south":{"uv":[9.75,0.0,10.75,3.25],"tintindex":0,"rotation":0,"texture":"#0"},"north":{"uv":[9.5,6.5,10.5,9.75],"tintindex":0,"rotation":0,"texture":"#0"},"west":{"uv":[0.0,11.75,0.25,15.0],"tintindex":0,"rotation":0,"texture":"#0"},"up":{"uv":[13.5,11.5,12.5,11.25],"tintindex":0,"rotation":0,"texture":"#0"},"down":{"uv":[13.5,11.25,12.5,11.5],"tintindex":0,"rotation":0,"texture":"#0"}}},{"from":[11.0,11.375,7.9375],"to":[15.0,24.375,7.9475],"faces":{"east":{"uv":[0.0,11.75,0.25,15.0],"tintindex":0,"rotation":0,"texture":"#0"},"south":{"uv":[9.5,3.25,10.5,6.5],"tintindex":0,"rotation":0,"texture":"#0"},"north":{"uv":[8.75,0.0,9.75,3.25],"tintindex":0,"rotation":0,"texture":"#0"},"west":{"uv":[0.0,11.75,0.25,15.0],"tintindex":0,"rotation":0,"texture":"#0"},"up":{"uv":[13.5,11.5,12.5,11.25],"tintindex":0,"rotation":0,"texture":"#0"},"down":{"uv":[13.5,11.25,12.5,11.5],"tintindex":0,"rotation":0,"texture":"#0"}}},{"from":[5.0,20.375,10.9375],"to":[11.0,23.375,10.9375],"faces":{"south":{"uv":[11.75,7.0,13.25,7.75],"tintindex":0,"rotation":0,"texture":"#0"},"north":{"uv":[11.75,6.25,13.25,7.0],"tintindex":0,"rotation":0,"texture":"#0"}}},{"from":[5.0,20.375,4.9375],"to":[5.0,23.375,10.9375],"faces":{"east":{"uv":[11.75,5.5,13.25,6.25],"tintindex":0,"rotation":0,"texture":"#0"},"west":{"uv":[6.25,11.75,7.75,12.5],"tintindex":0,"rotation":0,"texture":"#0"}}},{"from":[5.0,20.375,4.9375],"to":[11.0,23.375,4.9375],"faces":{"south":{"uv":[11.75,8.5,13.25,9.25],"tintindex":0,"rotation":0,"texture":"#0"},"north":{"uv":[11.75,7.75,13.25,8.5],"tintindex":0,"rotation":0,"texture":"#0"}}},{"from":[11.0,20.375,4.9375],"to":[11.0,23.375,10.9375],"faces":{"east":{"uv":[8.0,11.5,9.5,12.25],"tintindex":0,"rotation":0,"texture":"#0"},"west":{"uv":[11.75,4.75,13.25,5.5],"tintindex":0,"rotation":0,"texture":"#0"}}},{"from":[5.0,10.375,4.9375],"to":[11.0,20.375,10.9375],"faces":{"east":{"uv":[6.5,7.75,8.0,10.25],"tintindex":0,"rotation":0,"texture":"#0"},"south":{"uv":[8.0,5.0,9.5,7.5],"tintindex":0,"rotation":0,"texture":"#0"},"north":{"uv":[7.25,2.5,8.75,5.0],"tintindex":0,"rotation":0,"texture":"#0"},"west":{"uv":[8.0,7.5,9.5,10.0],"tintindex":0,"rotation":0,"texture":"#0"},"up":{"uv":[11.0,11.25,9.5,9.75],"tintindex":0,"rotation":0,"texture":"#0"},"down":{"uv":[9.5,10.0,8.0,11.5],"tintindex":0,"rotation":0,"texture":"#0"}}}],"display":{"gui":{"rotation":[30,225,0]}}}