{"textures":{"0":"modelengine:entity/qmob_creaking"},"elements":[{"from":[6.5,-9.5,6.5],"to":[9.5,8.5,9.5],"faces":{"east":{"uv":[1.5,8.5,2.25,13.0],"tintindex":0,"rotation":0,"texture":"#0"},"south":{"uv":[2.25,8.5,3.0,13.0],"tintindex":0,"rotation":0,"texture":"#0"},"north":{"uv":[0.75,8.5,1.5,13.0],"tintindex":0,"rotation":0,"texture":"#0"},"west":{"uv":[3.0,8.5,3.75,13.0],"tintindex":0,"rotation":0,"texture":"#0"},"up":{"uv":[9.5,4.0,8.75,3.25],"tintindex":0,"rotation":0,"texture":"#0"},"down":{"uv":[9.5,4.0,8.75,4.75],"tintindex":0,"rotation":0,"texture":"#0"}}},{"from":[4.5,-9.5,4.5],"to":[9.5,-9.49,11.5],"faces":{"east":{"uv":[11.75,9.25,13.5,9.5],"tintindex":0,"rotation":0,"texture":"#0"},"south":{"uv":[12.5,11.0,13.75,11.25],"tintindex":0,"rotation":0,"texture":"#0"},"north":{"uv":[12.5,11.0,13.75,11.25],"tintindex":0,"rotation":0,"texture":"#0"},"west":{"uv":[11.75,9.25,13.5,9.5],"tintindex":0,"rotation":0,"texture":"#0"},"up":{"uv":[5.0,12.25,3.75,10.5],"tintindex":0,"rotation":0,"texture":"#0"},"down":{"uv":[11.75,4.75,10.5,6.5],"tintindex":0,"rotation":0,"texture":"#0"}}}],"display":{"gui":{"rotation":[30,225,0]}}}