{"stats":{"minecraft:picked_up":{"modminds:dedita_naranja":30,"minecraft:conduit":1,"minecraft:gunpowder":4,"minecraft:white_banner":1,"minecraft:lantern":1,"modminds:churro":10,"minecraft:bone":2,"modminds:pildora_del_experimento_110":2,"minecraft:wheat_seeds":6,"modminds:totem_espacial":2,"modminds:bloqueador":4,"minecraft:poppy":2,"modminds:totem_revil":1,"minecraft:stick":1,"minecraft:ink_sac":2,"minecraft:arrow":6,"minecraft:command_block":1,"minecraft:rotten_flesh":2,"minecraft:lever":8,"the_bumblezone:pollen_puff":5,"minecraft:golden_apple":35,"minecraft:golden_horse_armor":1,"minecraft:totem_of_undying":1},"minecraft:dropped":{"the_bumblezone:honeycomb_brood_block":1,"minecraft:clock":1,"minecraft:ender_pearl":1,"minecraft:golden_horse_armor":2,"the_bumblezone:pollen_puff":2,"minecraft:rotten_flesh":1,"modminds:espada_infernal_curativa":1,"minecraft:lantern":1,"minecraft:command_block":1,"modminds:totem_revil":1,"minecraft:totem_of_undying":1,"minecraft:grass_block":1,"waterframes:frame":1,"modminds:pildora_del_experimento_110":1,"dedsafio_3:rana_gigante_spawn_egg":1,"minecraft:conduit":2,"minecraft:bee_nest":1,"minecraft:white_banner":2,"minecraft:arrow":1,"the_banished:devastator":1},"minecraft:used":{"minecraft:netherite_sword":6,"minecraft:flint_and_steel":1,"minecraft:birch_planks":1,"inventorypets:patreon_shirt":1,"minecraft:polished_andesite":17,"minecraft:black_carpet":94,"minecraft:ender_pearl":4,"the_bumblezone:stinger_spear":29,"modminds:losa_de_tablones_verdes_antiguos":51,"dedsafio_3:medusa_spawn_egg":1,"minecraft:grass":816,"minecraft:conduit":1,"modminds:espada_infernal_curativa":7,"minecraft:dirt":1,"minecraft:anvil":2,"the_bumblezone:pollen_puff":5,"minecraft:bee_nest":1,"modminds:casino_spawn_egg":37,"modminds:bars_block":200,"waterframes:remote":4,"minecraft:warped_planks":26,"minecraft:obsidian":5,"minecraft:warden_spawn_egg":1,"the_banished:devastator":5,"the_bumblezone:essence_of_the_bees":1,"modminds:churro":1,"minecraft:lever":8,"minecraft:ender_eye":1,"minecraft:cyan_terracotta":1,"minecraft:black_concrete":9,"dedsafio_3:altar_a":6,"modminds:large_bars_block":7,"minecraft:command_block":17,"minecraft:lantern":1,"minecraft:grass_block":9,"minecraft:barrier":5,"waterframes:frame":2,"waterframes:big_tv":1,"minecraft:totem_of_undying":6,"minecraft:smooth_basalt":1,"minecraft:golden_helmet":1,"waterframes:tv_box":1,"modminds:ladrillos_negros_agrietados":6,"waterframes:projector":4,"minecraft:coarse_dirt":1,"the_bumblezone:crystal_cannon":5,"modminds:escaleras_de_ladrillos_negros_agrietados":4},"minecraft:custom":{"minecraft:interact_with_anvil":3,"minecraft:mob_kills":7,"the_bumblezone:carpenter_bee_boots_wall_hang_time":120,"minecraft:damage_dealt_resisted":4,"minecraft:leave_game":18,"minecraft:time_since_death":25405,"minecraft:time_since_rest":25576,"minecraft:walk_one_cm":250219,"minecraft:damage_taken":20250,"minecraft:sprint_one_cm":113750,"minecraft:damage_absorbed":130,"minecraft:drop":24,"minecraft:damage_dealt":2064,"the_bumblezone:honey_bee_leggings_flower_pollen":2,"minecraft:talked_to_villager":13,"minecraft:fly_one_cm":3722675,"minecraft:open_chest":3,"minecraft:crouch_one_cm":4127,"minecraft:play_time":316602,"minecraft:deaths":8,"minecraft:sneak_time":5895,"minecraft:walk_under_water_one_cm":863,"the_bumblezone:bumble_bee_chestplate_fly_time":1259,"minecraft:jump":498,"minecraft:walk_on_water_one_cm":1347,"minecraft:total_world_time":316602,"minecraft:fall_one_cm":34400},"minecraft:killed":{"minecraft:creeper":2,"minecraft:skeleton":1,"minecraft:zombie":3,"minecraft:wither_skeleton":1}},"DataVersion":3465}