{"stats":{"minecraft:killed":{"minecraft:spider":3,"minecraft:creeper":5,"minecraft:skeleton":1,"minecraft:sheep":1,"easy_npc:allay":1,"minecraft:zombie":4,"dedsafio_3:fogata":14,"minecraft:wither_skeleton":1},"minecraft:used":{"minecraft:moss_carpet":22,"easy_npc:easy_npc_wand":2,"minecraft:netherite_sword":6,"minecraft:pink_tulip":100,"minecraft:flint_and_steel":18,"minecraft:birch_planks":1,"inventorypets:patreon_shirt":1,"minecraft:polished_andesite":17,"minecraft:poppy":160,"minecraft:orange_tulip":101,"minecraft:black_carpet":94,"minecraft:ender_pearl":4,"the_bumblezone:stinger_spear":29,"modminds:losa_de_tablones_verdes_antiguos":51,"dedsafio_3:medusa_spawn_egg":1,"minecraft:grass":816,"minecraft:conduit":1,"modminds:espada_infernal_curativa":7,"minecraft:dirt":1,"minecraft:anvil":2,"easy_npc:humanoid_slim_spawn_egg":3,"the_bumblezone:pollen_puff":5,"minecraft:oak_slab":12,"minecraft:allium":109,"minecraft:campfire":22,"minecraft:bee_nest":1,"modminds:casino_spawn_egg":39,"modminds:bars_block":200,"waterframes:remote":7,"dedsafio_3:fogata_spawn_egg":20,"the_banished:devastator":5,"minecraft:warped_planks":26,"minecraft:black_wool":7,"the_bumblezone:essence_of_the_bees":1,"minecraft:obsidian":5,"easy_npc:allay_spawn_egg":2,"minecraft:warden_spawn_egg":1,"minecraft:ender_eye":1,"gunswithoutroses:diamond_gatling":11,"modminds:churro":1,"minecraft:lever":8,"minecraft:black_concrete":9,"minecraft:cornflower":109,"minecraft:cyan_terracotta":1,"dedsafio_3:altar_a":6,"modminds:large_bars_block":7,"minecraft:command_block":17,"minecraft:sunflower":109,"minecraft:lantern":1,"minecraft:blue_orchid":109,"minecraft:grass_block":20,"minecraft:barrier":79,"minecraft:netherite_axe":26,"waterframes:frame":4,"waterframes:big_tv":1,"minecraft:totem_of_undying":6,"gunswithoutroses:diamond_sniper":2,"easy_npc:fairy_spawn_egg":4,"minecraft:smooth_basalt":2,"gunswithoutroses:iron_gun":3,"minecraft:golden_helmet":1,"minecraft:bamboo":218,"waterframes:tv_box":1,"modminds:ladrillos_negros_agrietados":6,"waterframes:projector":4,"minecraft:infested_cobblestone":1,"minecraft:wither_rose":34,"minecraft:coarse_dirt":1,"minecraft:acacia_planks":1,"the_bumblezone:crystal_cannon":5,"modminds:escaleras_de_ladrillos_negros_agrietados":4},"minecraft:picked_up":{"modminds:dedita_naranja":30,"minecraft:potato":1,"minecraft:conduit":1,"the_bumblezone:essence_knowing":1,"minecraft:gunpowder":6,"minecraft:white_banner":1,"minecraft:lantern":2,"modminds:churro":10,"minecraft:bone":2,"modminds:pildora_del_experimento_110":2,"minecraft:orange_tulip":1,"minecraft:wheat_seeds":6,"modminds:totem_espacial":2,"modminds:bloqueador":4,"minecraft:poppy":3,"modminds:totem_revil":1,"minecraft:stick":1,"minecraft:ink_sac":2,"minecraft:spider_eye":1,"minecraft:arrow":6,"minecraft:command_block":1,"minecraft:rotten_flesh":3,"minecraft:lever":8,"the_bumblezone:pollen_puff":5,"minecraft:golden_apple":35,"minecraft:golden_horse_armor":1,"minecraft:totem_of_undying":1,"minecraft:white_wool":1},"minecraft:custom":{"minecraft:mob_kills":30,"minecraft:interact_with_anvil":3,"minecraft:traded_with_villager":1,"the_bumblezone:carpenter_bee_boots_wall_hang_time":120,"minecraft:damage_dealt_resisted":4,"minecraft:leave_game":30,"minecraft:time_since_death":197940,"minecraft:time_since_rest":197972,"minecraft:walk_one_cm":293033,"minecraft:sprint_one_cm":131199,"minecraft:damage_taken":20250,"minecraft:damage_absorbed":130,"minecraft:drop":31,"minecraft:damage_dealt":3859,"the_bumblezone:honey_bee_leggings_flower_pollen":2,"minecraft:talked_to_villager":13,"minecraft:fly_one_cm":4991266,"minecraft:open_chest":3,"minecraft:crouch_one_cm":4581,"minecraft:play_time":551236,"minecraft:deaths":10,"minecraft:sneak_time":7242,"minecraft:walk_under_water_one_cm":1300,"the_bumblezone:bumble_bee_chestplate_fly_time":1284,"minecraft:jump":603,"minecraft:walk_on_water_one_cm":1703,"minecraft:total_world_time":551236,"minecraft:fall_one_cm":34400},"minecraft:crafted":{"modminds:dedita_naranja":5},"minecraft:dropped":{"easy_npc:easy_npc_wand":1,"the_bumblezone:honeycomb_brood_block":1,"minecraft:clock":1,"minecraft:ender_pearl":1,"minecraft:golden_horse_armor":2,"the_bumblezone:pollen_puff":2,"minecraft:rotten_flesh":1,"modminds:espada_infernal_curativa":1,"minecraft:lantern":1,"minecraft:command_block":1,"easy_npc:allay_spawn_egg":1,"modminds:totem_revil":1,"minecraft:totem_of_undying":1,"minecraft:grass_block":1,"waterframes:frame":1,"modminds:pildora_del_experimento_110":1,"minecraft:gunpowder":2,"dedsafio_3:rana_gigante_spawn_egg":1,"minecraft:conduit":2,"minecraft:bee_nest":1,"minecraft:spider_eye":1,"minecraft:white_banner":2,"minecraft:arrow":1,"the_banished:devastator":1,"minecraft:infested_cobblestone":1,"minecraft:smooth_basalt":1}},"DataVersion":3465}