{"stats":{"minecraft:used":{"the_banished:devastator":2,"modminds:churro":1,"minecraft:lever":8,"minecraft:cyan_terracotta":1,"minecraft:black_concrete":9,"dedsafio_3:altar_a":6,"modminds:large_bars_block":7,"minecraft:command_block":17,"minecraft:flint_and_steel":1,"minecraft:birch_planks":1,"minecraft:lantern":1,"minecraft:grass_block":8,"minecraft:barrier":5,"minecraft:black_carpet":94,"modminds:losa_de_tablones_verdes_antiguos":32,"minecraft:grass":816,"minecraft:totem_of_undying":6,"dedsafio_3:medusa_spawn_egg":1,"minecraft:smooth_basalt":1,"minecraft:golden_helmet":1,"modminds:casino_spawn_egg":37,"modminds:bars_block":199,"minecraft:warped_planks":26,"minecraft:obsidian":5,"minecraft:warden_spawn_egg":1},"minecraft:killed":{"minecraft:zombie":1},"minecraft:dropped":{"modminds:pildora_del_experimento_110":1,"minecraft:clock":1,"minecraft:golden_horse_armor":2,"minecraft:lantern":1,"minecraft:arrow":1,"minecraft:command_block":1,"the_banished:devastator":1,"modminds:totem_revil":1,"minecraft:totem_of_undying":1},"minecraft:picked_up":{"modminds:totem_revil":1,"modminds:dedita_naranja":30,"minecraft:ink_sac":2,"minecraft:lantern":1,"modminds:churro":10,"minecraft:bone":1,"minecraft:arrow":4,"minecraft:command_block":1,"modminds:pildora_del_experimento_110":2,"minecraft:wheat_seeds":5,"minecraft:lever":8,"modminds:totem_espacial":2,"modminds:bloqueador":4,"minecraft:golden_apple":35,"minecraft:golden_horse_armor":1,"minecraft:totem_of_undying":1,"minecraft:poppy":2},"minecraft:custom":{"minecraft:time_since_rest":134693,"minecraft:walk_one_cm":202570,"minecraft:sprint_one_cm":59526,"minecraft:damage_taken":20160,"minecraft:damage_absorbed":130,"minecraft:mob_kills":1,"minecraft:drop":10,"minecraft:damage_dealt":514,"minecraft:talked_to_villager":13,"minecraft:fly_one_cm":2477356,"minecraft:open_chest":2,"minecraft:crouch_one_cm":3261,"minecraft:play_time":167436,"minecraft:deaths":6,"minecraft:sneak_time":3785,"minecraft:walk_under_water_one_cm":92,"minecraft:damage_dealt_resisted":4,"minecraft:jump":291,"minecraft:leave_game":7,"minecraft:walk_on_water_one_cm":303,"minecraft:time_since_death":134670,"minecraft:total_world_time":167436,"minecraft:fall_one_cm":32550}},"DataVersion":3465}