{"stats":{"minecraft:picked_up":{"modminds:pildora_del_experimento_110":1},"minecraft:dropped":{"modminds:pildora_del_experimento_110":1},"minecraft:custom":{"minecraft:jump":3,"minecraft:time_since_rest":20063,"minecraft:crouch_one_cm":61,"minecraft:damage_dealt":17,"minecraft:walk_one_cm":2777,"minecraft:leave_game":2,"minecraft:play_time":21199,"minecraft:damage_taken":890,"minecraft:time_since_death":20024,"minecraft:deaths":3,"minecraft:sneak_time":88,"minecraft:total_world_time":21199,"minecraft:drop":1,"minecraft:fly_one_cm":52657}},"DataVersion":3465}