{"stats":{"minecraft:used":{"minecraft:warden_spawn_egg":1,"minecraft:golden_helmet":1,"minecraft:flint_and_steel":1,"dedsafio_3:medusa_spawn_egg":1,"minecraft:obsidian":5},"minecraft:dropped":{"modminds:pildora_del_experimento_110":1,"minecraft:clock":1},"minecraft:picked_up":{"modminds:pildora_del_experimento_110":1},"minecraft:custom":{"minecraft:time_since_rest":17701,"minecraft:open_chest":1,"minecraft:crouch_one_cm":246,"minecraft:sprint_one_cm":3990,"minecraft:play_time":50444,"minecraft:deaths":6,"minecraft:damage_taken":2060,"minecraft:walk_one_cm":29078,"minecraft:sneak_time":517,"minecraft:drop":2,"minecraft:jump":69,"minecraft:damage_dealt":248,"minecraft:leave_game":5,"minecraft:time_since_death":17678,"minecraft:total_world_time":50444,"minecraft:fall_one_cm":2749,"minecraft:fly_one_cm":253839}},"DataVersion":3465}