{"stats":{"minecraft:used":{"minecraft:warden_spawn_egg":1,"minecraft:golden_helmet":1,"minecraft:flint_and_steel":1,"minecraft:lantern":1,"modminds:casino_spawn_egg":8,"minecraft:warped_planks":26,"dedsafio_3:medusa_spawn_egg":1,"minecraft:obsidian":5},"minecraft:dropped":{"modminds:pildora_del_experimento_110":1,"minecraft:lantern":1,"minecraft:clock":1},"minecraft:picked_up":{"modminds:pildora_del_experimento_110":1,"minecraft:ink_sac":2,"minecraft:lantern":1},"minecraft:custom":{"minecraft:time_since_rest":39917,"minecraft:open_chest":1,"minecraft:crouch_one_cm":632,"minecraft:sprint_one_cm":8112,"minecraft:play_time":72660,"minecraft:deaths":6,"minecraft:damage_taken":2060,"minecraft:walk_one_cm":45091,"minecraft:sneak_time":1012,"minecraft:drop":3,"minecraft:jump":90,"minecraft:damage_dealt":248,"minecraft:leave_game":6,"minecraft:time_since_death":39894,"minecraft:total_world_time":72660,"minecraft:fall_one_cm":2749,"minecraft:fly_one_cm":944117}},"DataVersion":3465}