{"stats":{"minecraft:used":{"minecraft:warden_spawn_egg":1,"the_banished:devastator":2,"minecraft:lever":8,"minecraft:black_concrete":1,"dedsafio_3:altar_a":1,"minecraft:flint_and_steel":1,"minecraft:command_block":9,"minecraft:lantern":1,"dedsafio_3:medusa_spawn_egg":1,"minecraft:totem_of_undying":1,"minecraft:golden_helmet":1,"modminds:casino_spawn_egg":37,"minecraft:warped_planks":26,"minecraft:obsidian":5},"minecraft:killed":{"minecraft:zombie":1},"minecraft:dropped":{"modminds:pildora_del_experimento_110":1,"minecraft:clock":1,"minecraft:golden_horse_armor":2,"minecraft:lantern":1,"minecraft:command_block":1,"the_banished:devastator":1,"modminds:totem_revil":1},"minecraft:picked_up":{"minecraft:ink_sac":2,"minecraft:lantern":1,"minecraft:command_block":1,"modminds:pildora_del_experimento_110":1,"modminds:bloqueador":2,"minecraft:golden_apple":14,"minecraft:golden_horse_armor":1,"modminds:totem_revil":1},"minecraft:custom":{"minecraft:time_since_rest":51917,"minecraft:walk_one_cm":77223,"minecraft:sprint_one_cm":21041,"minecraft:damage_taken":2920,"minecraft:damage_absorbed":80,"minecraft:mob_kills":1,"minecraft:drop":8,"minecraft:damage_dealt":448,"minecraft:fly_one_cm":1056047,"minecraft:open_chest":1,"minecraft:crouch_one_cm":3222,"minecraft:play_time":84660,"minecraft:deaths":6,"minecraft:sneak_time":2301,"minecraft:jump":111,"minecraft:leave_game":6,"minecraft:time_since_death":51894,"minecraft:total_world_time":84660,"minecraft:fall_one_cm":12670}},"DataVersion":3465}