{"stats":{"minecraft:used":{"minecraft:warden_spawn_egg":1,"the_banished:devastator":2,"modminds:churro":1,"minecraft:lever":8,"minecraft:cyan_terracotta":1,"minecraft:black_concrete":1,"dedsafio_3:altar_a":5,"modminds:large_bars_block":4,"minecraft:flint_and_steel":1,"minecraft:command_block":9,"minecraft:birch_planks":1,"minecraft:lantern":1,"minecraft:barrier":5,"dedsafio_3:medusa_spawn_egg":1,"minecraft:totem_of_undying":1,"minecraft:golden_helmet":1,"modminds:casino_spawn_egg":37,"modminds:bars_block":116,"minecraft:warped_planks":26,"minecraft:obsidian":5},"minecraft:killed":{"minecraft:zombie":1},"minecraft:dropped":{"modminds:pildora_del_experimento_110":1,"minecraft:clock":1,"minecraft:golden_horse_armor":2,"minecraft:lantern":1,"minecraft:command_block":1,"the_banished:devastator":1,"modminds:totem_revil":1},"minecraft:picked_up":{"modminds:dedita_naranja":30,"minecraft:ink_sac":2,"minecraft:lantern":1,"modminds:churro":10,"minecraft:command_block":1,"modminds:pildora_del_experimento_110":2,"modminds:totem_espacial":2,"modminds:bloqueador":4,"minecraft:golden_apple":35,"minecraft:golden_horse_armor":1,"modminds:totem_revil":1},"minecraft:custom":{"minecraft:time_since_rest":63917,"minecraft:walk_one_cm":119846,"minecraft:sprint_one_cm":25923,"minecraft:damage_taken":2920,"minecraft:damage_absorbed":80,"minecraft:mob_kills":1,"minecraft:drop":8,"minecraft:damage_dealt":448,"minecraft:fly_one_cm":1180869,"minecraft:open_chest":1,"minecraft:crouch_one_cm":3261,"minecraft:play_time":96660,"minecraft:deaths":6,"minecraft:sneak_time":2483,"minecraft:jump":142,"minecraft:leave_game":6,"minecraft:walk_on_water_one_cm":133,"minecraft:time_since_death":63894,"minecraft:total_world_time":96660,"minecraft:fall_one_cm":12670}},"DataVersion":3465}