{"stats":{"minecraft:custom":{"minecraft:time_since_rest":32487,"minecraft:crouch_one_cm":36,"minecraft:sprint_one_cm":2030,"minecraft:play_time":33121,"minecraft:deaths":2,"minecraft:damage_taken":780,"minecraft:walk_one_cm":7503,"minecraft:sneak_time":218,"minecraft:mob_kills":2,"minecraft:drop":16,"minecraft:jump":33,"minecraft:damage_dealt":30,"minecraft:leave_game":6,"minecraft:time_since_death":32456,"minecraft:total_world_time":33121,"minecraft:fly_one_cm":107769},"minecraft:dropped":{"minecraft:dirt":16},"minecraft:killed":{"dedsafio_3:fogata":2},"minecraft:used":{"dedsafio_3:taxi_23_spawn_egg":1,"dedsafio_3:taxi":1,"dedsafio_3:altar_a":1,"dedsafio_3:altar_objects":1,"slotmachinemod:slot_machine":1,"dedsafio_3:fogata_spawn_egg":2},"minecraft:picked_up":{"minecraft:dirt":16}},"DataVersion":3465}