{"stats":{"minecraft:used":{"minecraft:warden_spawn_egg":1,"minecraft:golden_helmet":1,"minecraft:flint_and_steel":1,"minecraft:lantern":1,"dedsafio_3:medusa_spawn_egg":1,"minecraft:obsidian":5},"minecraft:dropped":{"modminds:pildora_del_experimento_110":1,"minecraft:lantern":1,"minecraft:clock":1},"minecraft:picked_up":{"modminds:pildora_del_experimento_110":1,"minecraft:lantern":1},"minecraft:custom":{"minecraft:time_since_rest":21917,"minecraft:open_chest":1,"minecraft:crouch_one_cm":246,"minecraft:sprint_one_cm":3990,"minecraft:play_time":54660,"minecraft:deaths":6,"minecraft:damage_taken":2060,"minecraft:walk_one_cm":31293,"minecraft:sneak_time":588,"minecraft:drop":3,"minecraft:jump":76,"minecraft:damage_dealt":248,"minecraft:leave_game":6,"minecraft:time_since_death":21894,"minecraft:total_world_time":54660,"minecraft:fall_one_cm":2749,"minecraft:fly_one_cm":333939}},"DataVersion":3465}