{"stats":{"minecraft:used":{"slotmachinemod:slot_machine":1},"minecraft:picked_up":{"minecraft:dirt":16},"minecraft:dropped":{"minecraft:dirt":16},"minecraft:custom":{"minecraft:jump":17,"minecraft:time_since_rest":20076,"minecraft:damage_dealt":10,"minecraft:damage_taken":780,"minecraft:crouch_one_cm":36,"minecraft:leave_game":3,"minecraft:play_time":20710,"minecraft:sprint_one_cm":1984,"minecraft:time_since_death":20045,"minecraft:walk_one_cm":3725,"minecraft:deaths":2,"minecraft:sneak_time":180,"minecraft:total_world_time":20710,"minecraft:drop":16,"minecraft:fly_one_cm":83879}},"DataVersion":3465}