{"stats":{"minecraft:used":{"the_banished:devastator":2,"modminds:churro":1,"minecraft:lever":8,"minecraft:cyan_terracotta":1,"minecraft:black_concrete":9,"dedsafio_3:altar_a":6,"modminds:large_bars_block":5,"minecraft:command_block":13,"minecraft:flint_and_steel":1,"minecraft:birch_planks":1,"minecraft:lantern":1,"minecraft:grass_block":3,"minecraft:barrier":5,"minecraft:grass":816,"minecraft:totem_of_undying":2,"dedsafio_3:medusa_spawn_egg":1,"minecraft:golden_helmet":1,"modminds:casino_spawn_egg":37,"modminds:bars_block":123,"minecraft:warped_planks":26,"minecraft:obsidian":5,"minecraft:warden_spawn_egg":1},"minecraft:killed":{"minecraft:zombie":1},"minecraft:dropped":{"modminds:pildora_del_experimento_110":1,"minecraft:clock":1,"minecraft:golden_horse_armor":2,"minecraft:lantern":1,"minecraft:command_block":1,"the_banished:devastator":1,"modminds:totem_revil":1},"minecraft:picked_up":{"modminds:totem_revil":1,"modminds:dedita_naranja":30,"minecraft:ink_sac":2,"minecraft:lantern":1,"modminds:churro":10,"minecraft:command_block":1,"modminds:pildora_del_experimento_110":2,"minecraft:lever":8,"modminds:totem_espacial":2,"modminds:bloqueador":4,"minecraft:golden_apple":35,"minecraft:golden_horse_armor":1},"minecraft:custom":{"minecraft:time_since_rest":104693,"minecraft:walk_one_cm":159631,"minecraft:sprint_one_cm":47599,"minecraft:damage_taken":3440,"minecraft:damage_absorbed":80,"minecraft:mob_kills":1,"minecraft:drop":8,"minecraft:damage_dealt":474,"minecraft:talked_to_villager":13,"minecraft:fly_one_cm":2023897,"minecraft:open_chest":2,"minecraft:crouch_one_cm":3261,"minecraft:play_time":137436,"minecraft:deaths":6,"minecraft:sneak_time":3227,"minecraft:walk_under_water_one_cm":92,"minecraft:damage_dealt_resisted":4,"minecraft:jump":234,"minecraft:leave_game":7,"minecraft:walk_on_water_one_cm":303,"minecraft:time_since_death":104670,"minecraft:total_world_time":137436,"minecraft:fall_one_cm":18148}},"DataVersion":3465}