{"stats":{"minecraft:dropped":{"minecraft:dirt":16},"minecraft:custom":{"minecraft:time_since_rest":48164,"minecraft:crouch_one_cm":216,"minecraft:sprint_one_cm":16926,"minecraft:play_time":48798,"minecraft:deaths":2,"minecraft:damage_taken":780,"minecraft:walk_one_cm":11766,"minecraft:sneak_time":559,"minecraft:walk_under_water_one_cm":302,"minecraft:mob_kills":2,"minecraft:drop":16,"minecraft:jump":176,"minecraft:damage_dealt":40,"minecraft:walk_on_water_one_cm":65,"minecraft:leave_game":7,"minecraft:time_since_death":48133,"minecraft:total_world_time":48798,"minecraft:swim_one_cm":244,"minecraft:fly_one_cm":389445},"minecraft:used":{"dedsafio_3:taxi_23_spawn_egg":1,"dedsafio_3:taxi":1,"dedsafio_3:altar_a":1,"dedsafio_3:altar_objects":1,"slotmachinemod:slot_machine":2,"dedsafio_3:fogata_spawn_egg":2},"minecraft:picked_up":{"minecraft:dirt":16},"minecraft:killed":{"dedsafio_3:fogata":2}},"DataVersion":3465}