{"stats":{"minecraft:picked_up":{"modminds:pildora_del_experimento_110":1},"minecraft:dropped":{"modminds:pildora_del_experimento_110":1},"minecraft:custom":{"minecraft:jump":7,"minecraft:time_since_rest":25711,"minecraft:damage_dealt":17,"minecraft:crouch_one_cm":104,"minecraft:damage_taken":890,"minecraft:leave_game":2,"minecraft:play_time":26847,"minecraft:time_since_death":25672,"minecraft:walk_one_cm":4231,"minecraft:deaths":3,"minecraft:sneak_time":177,"minecraft:total_world_time":26847,"minecraft:drop":1,"minecraft:fly_one_cm":104114}},"DataVersion":3465}