{"stats":{"minecraft:picked_up":{"modminds:dedita_naranja":30,"minecraft:conduit":1,"minecraft:gunpowder":3,"minecraft:white_banner":1,"minecraft:lantern":1,"modminds:churro":10,"minecraft:bone":1,"modminds:pildora_del_experimento_110":2,"minecraft:wheat_seeds":6,"modminds:totem_espacial":2,"modminds:bloqueador":4,"minecraft:poppy":2,"modminds:totem_revil":1,"minecraft:stick":1,"minecraft:ink_sac":2,"minecraft:arrow":4,"minecraft:command_block":1,"minecraft:rotten_flesh":1,"minecraft:lever":8,"the_bumblezone:pollen_puff":4,"minecraft:golden_apple":35,"minecraft:golden_horse_armor":1,"minecraft:totem_of_undying":1},"minecraft:dropped":{"the_bumblezone:honeycomb_brood_block":1,"minecraft:clock":1,"minecraft:ender_pearl":1,"minecraft:golden_horse_armor":2,"the_bumblezone:pollen_puff":2,"minecraft:rotten_flesh":1,"modminds:espada_infernal_curativa":1,"minecraft:lantern":1,"minecraft:command_block":1,"modminds:totem_revil":1,"minecraft:totem_of_undying":1,"minecraft:grass_block":1,"waterframes:frame":1,"modminds:pildora_del_experimento_110":1,"dedsafio_3:rana_gigante_spawn_egg":1,"minecraft:conduit":2,"minecraft:bee_nest":1,"minecraft:white_banner":2,"minecraft:arrow":1,"the_banished:devastator":1},"minecraft:used":{"minecraft:flint_and_steel":1,"minecraft:birch_planks":1,"inventorypets:patreon_shirt":1,"minecraft:black_carpet":94,"minecraft:ender_pearl":4,"the_bumblezone:stinger_spear":11,"modminds:losa_de_tablones_verdes_antiguos":51,"dedsafio_3:medusa_spawn_egg":1,"minecraft:grass":816,"minecraft:conduit":1,"modminds:espada_infernal_curativa":7,"minecraft:dirt":1,"minecraft:bee_nest":1,"modminds:casino_spawn_egg":37,"modminds:bars_block":199,"minecraft:warped_planks":26,"minecraft:obsidian":5,"minecraft:warden_spawn_egg":1,"the_banished:devastator":2,"modminds:churro":1,"minecraft:lever":8,"minecraft:ender_eye":1,"minecraft:cyan_terracotta":1,"minecraft:black_concrete":9,"dedsafio_3:altar_a":6,"modminds:large_bars_block":7,"minecraft:command_block":17,"minecraft:lantern":1,"minecraft:grass_block":9,"minecraft:barrier":5,"waterframes:frame":2,"minecraft:totem_of_undying":6,"minecraft:smooth_basalt":1,"minecraft:golden_helmet":1,"modminds:ladrillos_negros_agrietados":6,"minecraft:coarse_dirt":1,"the_bumblezone:crystal_cannon":5,"modminds:escaleras_de_ladrillos_negros_agrietados":4},"minecraft:custom":{"minecraft:mob_kills":2,"the_bumblezone:carpenter_bee_boots_wall_hang_time":59,"minecraft:damage_dealt_resisted":4,"minecraft:leave_game":18,"minecraft:time_since_death":1405,"minecraft:time_since_rest":1576,"minecraft:walk_one_cm":229073,"minecraft:damage_taken":20250,"minecraft:sprint_one_cm":98923,"minecraft:damage_absorbed":130,"minecraft:drop":24,"minecraft:damage_dealt":1054,"the_bumblezone:honey_bee_leggings_flower_pollen":2,"minecraft:talked_to_villager":13,"minecraft:fly_one_cm":3423333,"minecraft:open_chest":2,"minecraft:crouch_one_cm":3445,"minecraft:play_time":292602,"minecraft:deaths":8,"minecraft:sneak_time":4779,"minecraft:walk_under_water_one_cm":673,"the_bumblezone:bumble_bee_chestplate_fly_time":1027,"minecraft:jump":441,"minecraft:walk_on_water_one_cm":796,"minecraft:total_world_time":292602,"minecraft:fall_one_cm":34400},"minecraft:killed":{"minecraft:zombie":1,"minecraft:wither_skeleton":1}},"DataVersion":3465}