{
  "the_banished:the_banished_adv": {
    "criteria": {
      "the_banished_adv_0": "2024-11-06 00:36:46 +0000"
    },
    "done": true
  },
  "inventorypets:root": {
    "criteria": {
      "auto": "2024-11-06 00:36:47 +0000"
    },
    "done": true
  },
  "minecraft:recipes/decorations/crafting_table": {
    "criteria": {
      "unlock_right_away": "2024-11-06 00:36:47 +0000"
    },
    "done": true
  },
  "minecraft:adventure/adventuring_time": {
    "criteria": {
      "minecraft:forest": "2024-11-06 00:36:47 +0000",
      "minecraft:plains": "2024-11-06 00:52:57 +0000"
    },
    "done": false
  },
  "DataVersion": 3465
}