{"textures":{"1":"modelengine:entity/herobrine_bits","3":"modelengine:entity/herobrine_zombie"},"elements":[{"from":[6.995,5.055025,-7.1238174],"to":[8.0,6.0600243,-5.113817],"faces":{"east":{"uv":[5.0,5.0,5.25,4.5],"tintindex":0,"rotation":270,"texture":"#1"},"south":{"uv":[5.0,4.75,5.25,5.0],"tintindex":0,"rotation":270,"texture":"#1"},"north":{"uv":[5.25,4.5,5.0,4.75],"tintindex":0,"rotation":90,"texture":"#1"},"west":{"uv":[5.0,4.5,5.25,5.0],"tintindex":0,"rotation":270,"texture":"#1"},"up":{"uv":[5.0,4.5,5.25,5.0],"tintindex":0,"rotation":0,"texture":"#1"},"down":{"uv":[5.0,4.5,5.25,5.0],"tintindex":0,"rotation":180,"texture":"#1"}},"rotation":{"origin":[8.497499,14.885561,4.434576],"angle":-22.5,"axis":"x"}},{"from":[6.995,8.0700245,-10.138817],"to":[8.0,10.080025,-3.103817],"faces":{"east":{"uv":[5.75,5.5,6.25,3.75],"tintindex":0,"rotation":270,"texture":"#1"},"south":{"uv":[5.75,5.25,6.25,5.5],"tintindex":0,"rotation":270,"texture":"#1"},"north":{"uv":[6.25,3.75,5.75,4.0],"tintindex":0,"rotation":90,"texture":"#1"},"west":{"uv":[5.75,3.75,6.25,5.5],"tintindex":0,"rotation":270,"texture":"#1"},"up":{"uv":[6.0,3.75,6.25,5.5],"tintindex":0,"rotation":0,"texture":"#1"},"down":{"uv":[5.75,3.75,6.0,5.5],"tintindex":0,"rotation":180,"texture":"#1"}},"rotation":{"origin":[8.497499,14.885561,4.434576],"angle":-22.5,"axis":"x"}},{"from":[6.995,6.0600243,-8.128817],"to":[8.0,7.0650244,-4.108817],"faces":{"east":{"uv":[5.25,5.25,5.5,4.25],"tintindex":0,"rotation":270,"texture":"#1"},"south":{"uv":[5.25,5.0,5.5,5.25],"tintindex":0,"rotation":270,"texture":"#1"},"north":{"uv":[5.5,4.25,5.25,4.5],"tintindex":0,"rotation":90,"texture":"#1"},"west":{"uv":[5.25,4.25,5.5,5.25],"tintindex":0,"rotation":270,"texture":"#1"},"up":{"uv":[5.25,4.25,5.5,5.25],"tintindex":0,"rotation":0,"texture":"#1"},"down":{"uv":[5.25,4.25,5.5,5.25],"tintindex":0,"rotation":180,"texture":"#1"}},"rotation":{"origin":[8.497499,14.885561,4.434576],"angle":-22.5,"axis":"x"}},{"from":[6.995,6.0600243,-3.103817],"to":[8.0,7.0650244,-0.0888176],"faces":{"east":{"uv":[5.25,6.25,5.5,5.5],"tintindex":0,"rotation":270,"texture":"#1"},"south":{"uv":[5.25,6.0,5.5,6.25],"tintindex":0,"rotation":270,"texture":"#1"},"north":{"uv":[5.5,5.5,5.25,5.75],"tintindex":0,"rotation":90,"texture":"#1"},"west":{"uv":[5.25,5.5,5.5,6.25],"tintindex":0,"rotation":270,"texture":"#1"},"up":{"uv":[5.25,5.5,5.5,6.25],"tintindex":0,"rotation":0,"texture":"#1"},"down":{"uv":[5.25,5.5,5.5,6.25],"tintindex":0,"rotation":180,"texture":"#1"}},"rotation":{"origin":[8.497499,14.885561,4.434576],"angle":-22.5,"axis":"x"}},{"from":[6.995,11.085024,-7.1238174],"to":[8.0,12.090025,-2.0988169],"faces":{"east":{"uv":[6.5,5.75,6.75,4.5],"tintindex":0,"rotation":270,"texture":"#1"},"south":{"uv":[6.5,5.5,6.75,5.75],"tintindex":0,"rotation":270,"texture":"#1"},"north":{"uv":[6.75,4.5,6.5,4.75],"tintindex":0,"rotation":90,"texture":"#1"},"west":{"uv":[6.5,4.5,6.75,5.75],"tintindex":0,"rotation":270,"texture":"#1"},"up":{"uv":[6.5,4.5,6.75,5.75],"tintindex":0,"rotation":0,"texture":"#1"},"down":{"uv":[6.5,4.5,6.75,5.75],"tintindex":0,"rotation":180,"texture":"#1"}},"rotation":{"origin":[8.497499,14.885561,4.434576],"angle":-22.5,"axis":"x"}},{"from":[6.995,3.0450249,-0.0888176],"to":[8.0,4.050025,2.9261827],"faces":{"east":{"uv":[4.5,7.0,4.75,6.25],"tintindex":0,"rotation":270,"texture":"#1"},"south":{"uv":[4.5,6.75,4.75,7.0],"tintindex":0,"rotation":270,"texture":"#1"},"north":{"uv":[4.75,6.25,4.5,6.5],"tintindex":0,"rotation":90,"texture":"#1"},"west":{"uv":[4.5,6.25,4.75,7.0],"tintindex":0,"rotation":270,"texture":"#1"},"up":{"uv":[4.5,6.25,4.75,7.0],"tintindex":0,"rotation":0,"texture":"#1"},"down":{"uv":[4.5,6.25,4.75,7.0],"tintindex":0,"rotation":180,"texture":"#1"}},"rotation":{"origin":[8.497499,14.885561,4.434576],"angle":-22.5,"axis":"x"}},{"from":[6.995,5.055025,-2.0988169],"to":[8.0,6.0600243,0.916183],"faces":{"east":{"uv":[5.0,6.5,5.25,5.75],"tintindex":0,"rotation":270,"texture":"#1"},"south":{"uv":[5.0,6.25,5.25,6.5],"tintindex":0,"rotation":270,"texture":"#1"},"north":{"uv":[5.25,5.75,5.0,6.0],"tintindex":0,"rotation":90,"texture":"#1"},"west":{"uv":[5.0,5.75,5.25,6.5],"tintindex":0,"rotation":270,"texture":"#1"},"up":{"uv":[5.0,5.75,5.25,6.5],"tintindex":0,"rotation":0,"texture":"#1"},"down":{"uv":[5.0,5.75,5.25,6.5],"tintindex":0,"rotation":180,"texture":"#1"}},"rotation":{"origin":[8.497499,14.885561,4.434576],"angle":-22.5,"axis":"x"}},{"from":[6.995,10.080025,-9.133816],"to":[8.0,11.085024,-2.0988169],"faces":{"east":{"uv":[6.25,5.75,6.5,4.0],"tintindex":0,"rotation":270,"texture":"#1"},"south":{"uv":[6.25,5.5,6.5,5.75],"tintindex":0,"rotation":270,"texture":"#1"},"north":{"uv":[6.5,4.0,6.25,4.25],"tintindex":0,"rotation":90,"texture":"#1"},"west":{"uv":[6.25,4.0,6.5,5.75],"tintindex":0,"rotation":270,"texture":"#1"},"up":{"uv":[6.25,4.0,6.5,5.75],"tintindex":0,"rotation":0,"texture":"#1"},"down":{"uv":[6.25,4.0,6.5,5.75],"tintindex":0,"rotation":180,"texture":"#1"}},"rotation":{"origin":[8.497499,14.885561,4.434576],"angle":-22.5,"axis":"x"}},{"from":[6.995,4.050025,-1.0938168],"to":[8.0,5.055025,1.9211826],"faces":{"east":{"uv":[4.75,6.75,5.0,6.0],"tintindex":0,"rotation":270,"texture":"#1"},"south":{"uv":[4.75,6.5,5.0,6.75],"tintindex":0,"rotation":270,"texture":"#1"},"north":{"uv":[5.0,6.0,4.75,6.25],"tintindex":0,"rotation":90,"texture":"#1"},"west":{"uv":[4.75,6.0,5.0,6.75],"tintindex":0,"rotation":270,"texture":"#1"},"up":{"uv":[4.75,6.0,5.0,6.75],"tintindex":0,"rotation":0,"texture":"#1"},"down":{"uv":[4.75,6.0,5.0,6.75],"tintindex":0,"rotation":180,"texture":"#1"}},"rotation":{"origin":[8.497499,14.885561,4.434576],"angle":-22.5,"axis":"x"}},{"from":[6.995,1.0350246,1.9211826],"to":[8.0,2.0400248,3.9311829],"faces":{"east":{"uv":[4.0,7.25,4.25,6.75],"tintindex":0,"rotation":270,"texture":"#1"},"south":{"uv":[4.0,7.0,4.25,7.25],"tintindex":0,"rotation":270,"texture":"#1"},"north":{"uv":[4.25,6.75,4.0,7.0],"tintindex":0,"rotation":90,"texture":"#1"},"west":{"uv":[4.0,6.75,4.25,7.25],"tintindex":0,"rotation":270,"texture":"#1"},"up":{"uv":[4.0,6.75,4.25,7.25],"tintindex":0,"rotation":0,"texture":"#1"},"down":{"uv":[4.0,6.75,4.25,7.25],"tintindex":0,"rotation":180,"texture":"#1"}},"rotation":{"origin":[8.497499,14.885561,4.434576],"angle":-22.5,"axis":"x"}},{"from":[6.995,2.0400248,0.916183],"to":[8.0,3.0450249,3.9311829],"faces":{"east":{"uv":[4.25,7.25,4.5,6.5],"tintindex":0,"rotation":270,"texture":"#1"},"south":{"uv":[4.25,7.0,4.5,7.25],"tintindex":0,"rotation":270,"texture":"#1"},"north":{"uv":[4.5,6.5,4.25,6.75],"tintindex":0,"rotation":90,"texture":"#1"},"west":{"uv":[4.25,6.5,4.5,7.25],"tintindex":0,"rotation":270,"texture":"#1"},"up":{"uv":[4.25,6.5,4.5,7.25],"tintindex":0,"rotation":0,"texture":"#1"},"down":{"uv":[4.25,6.5,4.5,7.25],"tintindex":0,"rotation":180,"texture":"#1"}},"rotation":{"origin":[8.497499,14.885561,4.434576],"angle":-22.5,"axis":"x"}},{"from":[6.995,12.090025,-5.113817],"to":[8.0,13.095024,-3.103817],"faces":{"east":{"uv":[6.75,5.5,7.0,5.0],"tintindex":0,"rotation":270,"texture":"#1"},"south":{"uv":[6.75,5.25,7.0,5.5],"tintindex":0,"rotation":270,"texture":"#1"},"north":{"uv":[7.0,5.0,6.75,5.25],"tintindex":0,"rotation":90,"texture":"#1"},"west":{"uv":[6.75,5.0,7.0,5.5],"tintindex":0,"rotation":270,"texture":"#1"},"up":{"uv":[6.75,5.0,7.0,5.5],"tintindex":0,"rotation":0,"texture":"#1"},"down":{"uv":[6.75,5.0,7.0,5.5],"tintindex":0,"rotation":180,"texture":"#1"}},"rotation":{"origin":[8.497499,14.885561,4.434576],"angle":-22.5,"axis":"x"}},{"from":[6.01,2.0,4.0],"to":[10.01,8.0,8.0],"faces":{"east":{"uv":[4.0,6.5,5.0,8.0],"tintindex":0,"rotation":0,"texture":"#3"},"south":{"uv":[5.0,6.5,6.0,8.0],"tintindex":0,"rotation":0,"texture":"#3"},"north":{"uv":[3.0,6.5,4.0,8.0],"tintindex":0,"rotation":0,"texture":"#3"},"west":{"uv":[6.0,6.5,7.0,8.0],"tintindex":0,"rotation":0,"texture":"#3"},"up":{"uv":[9.0,5.5,8.0,4.5],"tintindex":0,"rotation":0,"texture":"#3"},"down":{"uv":[6.0,8.0,5.0,9.0],"tintindex":0,"rotation":0,"texture":"#3"}}},{"from":[6.995,7.0650244,-9.133816],"to":[8.0,8.0700245,-1.0938168],"faces":{"east":{"uv":[5.5,6.0,5.75,4.0],"tintindex":0,"rotation":270,"texture":"#1"},"south":{"uv":[5.5,5.75,5.75,6.0],"tintindex":0,"rotation":270,"texture":"#1"},"north":{"uv":[5.75,4.0,5.5,4.25],"tintindex":0,"rotation":90,"texture":"#1"},"west":{"uv":[5.5,4.0,5.75,6.0],"tintindex":0,"rotation":270,"texture":"#1"},"up":{"uv":[5.5,4.0,5.75,6.0],"tintindex":0,"rotation":0,"texture":"#1"},"down":{"uv":[5.5,4.0,5.75,6.0],"tintindex":0,"rotation":180,"texture":"#1"}},"rotation":{"origin":[8.497499,14.885561,4.434576],"angle":-22.5,"axis":"x"}},{"from":[6.995,8.0700245,-3.103817],"to":[8.0,9.075026,-2.0988169],"faces":{"east":{"uv":[5.75,5.75,6.0,5.5],"tintindex":0,"rotation":270,"texture":"#1"},"south":{"uv":[5.75,5.5,6.0,5.75],"tintindex":0,"rotation":270,"texture":"#1"},"north":{"uv":[6.0,5.5,5.75,5.75],"tintindex":0,"rotation":90,"texture":"#1"},"west":{"uv":[5.75,5.5,6.0,5.75],"tintindex":0,"rotation":270,"texture":"#1"},"up":{"uv":[5.75,5.5,6.0,5.75],"tintindex":0,"rotation":0,"texture":"#1"},"down":{"uv":[5.75,5.5,6.0,5.75],"tintindex":0,"rotation":180,"texture":"#1"}},"rotation":{"origin":[8.497499,14.885561,4.434576],"angle":-22.5,"axis":"x"}}],"display":{"gui":{"rotation":[30,225,0]}}}